66590928,66619669,66669518
66591133,66607033,66669710
66591340,66615930,66628653,4792433002,66615363
66591426,66625611,66624555
66591571,66685474,66678271
66591838,66604514,66775873
66591945,66634559,66718847
66593421,66774850,1445170080,1445170432
66594965,66773370,66666159
66594997,1445170318,66616406,1445170548
66595208,1445169850,66615133,66753344
66595318,66722379,66720582
66595402,66718945,66771153
66597475,66621191,66690614
66597659,66625611,2264432100
66598363,66696617,66727460
66598945,66750202,66707860
66599020,66639639
66599466,1439024973,1443766603,3170859578
66600281,66619863,66651186
66600491,66729584,4591880045
66600724,66688461,1443766530
66600924,66714013,66701736
66601140,66747078,66704947
66601419,66665401,66772614
66601451,66739717,66725900
66601516,1445170295,66760286,1445170384
66601620,66622645,1445169801
66602356,66736958,66754192
66603061,66691782,66736840
66603678,66744564,66720582
66604039,66768607,66701736
66604514,66591838,66768690
66604819,1445169950,4591888023
66605406,66661098,66704951
66605670,66666550,66619459
66605843,66766541,4296664234
66605871,66607915,66677226
66605908,66690954,66761964
66606446,66711459,66726905
66607033,66612839,66591133
66607915,66639231,66605871
66608280,66719256,66762001
66609472,66768403,1445170469
66609557,66775399,66772704
66609703,319882541,66632137
66610037,66677646,66727047
66610257,1445170602,1445170427,1445169849
66610281,66635578,66632382
66611226,66718017,66769558,4591888024,4591888023
66611749,66704477,66615764
66612839,66607033,66692387
66613128,66750523,4296664234
66613206,66775873,66752739
66613634,1439024928,66694721
66613714,66700448,66615133
66613736,66648852,66680288
66613739,66616139,4591880050
66613748,1445170348,1445170414
66613767,66754649,66681734
66613891,66742395,66642723
66614239,66749536,66640832
66614285,66750523,66712696,4296664235
66615053,66635213,66635947
66615133,66595208,66613714
66615288,66618895,66757746
66615338,66684861,66615363
66615363,66731178,66591340,4792433003,66615338
66615764,66756752,66611749
66615930,1443766560,66725079,66591340,1443766530
66615952,66620360,66668849
66616139,4594435076,66613739
66616406,66634559,66594997
66616904,1445170412,66657887
66618452,1626446838,66725794
66618699,66646083,66643453
66618895,66699848,66615288
66618962,66640832,66697845
66619459,66605670,66671316
66619567,66666550,66731178
66619669,66590928,66708184
66619863,66600281,1445170061
66619901,66662007,66671316
66620360,66615952,66719256
66620871,66769558,66731955
66621191,66597475,66700466
66621266,66760286,66642128
66621839,66750820,66680288,1445169863
66622645,66707821,66601620
66623319,66762001,66697845
66623588,66764082,66635213
66623950,66653398,1445170412,66761964
66624229,66680151,66737971
66624555,66728645,66591426
66625611,66591426,66597659
66626853,66775557,66645619
66627074,66669954,66703173
66627723,66675600,66711701
66627769,66746741,66677226
66627857,66748450,66735070
66628653,66591340,66690289
66628896,66723716,66704310,1445170575
66628914,66708389,1701851306
66629985,66690805,66701452
66630529,66705894,1445170086,66680110
66630860,66695165,66713780
66631711,66694721,66713064
66632137,66609703,1445169862
66632382,1603680022,66610281,1603680017
66632740,1603679824,66678768
66634293,66691491,4591880045
66634301,66635578,66642130
66634559,66616406,66591945
66634747,66722715,66676635
66635213,66623588,66615053
66635413,4849680875,4849680869,66756026
66635578,66705771,66634301,66610281
66635947,66615053,1445170262
66636049,66692665,66747508
66636751,1445170584,66762336,66669680
66638628,66693609,66641437
66638823,1439024956
66638945,66755654,66718017
66639231,66696617,66607915
66639638,66700812,4296675045
66639639,66695702,66599020
66640832,66614239,66618962
66641437,66638628,66712897
66641476,1443766554,66669893,66775440
66641620,66677606,66717960
66641749,66648227,66656993
66642128,66764082,1445170468,66621266
66642130,66720357,66634301
66642723,66704996,66613891
66643048,66725079,1443766530,66708569
66643453,66618699
66643813,66705072,66757746
66644119,66763192,1445170345,66727647
66645256,66746741,66666076
66645458,66669954,1443766427
66645619,66626853,66767621
66645654,66775440,66751927
66645793,66747346,66712897
66646083,3151897140,66618699
66646200,3151897217,66764373
66646405,66771397,66698331
66646784,66697270,66687804
66647553,66737971,66714347
66648227,66699287,66641749
66648852,66704310,66613736
66649818,66655973,66738290
66650103,66698048,66701696
66650493,66725900,1445169830
66651186,1445170272,66600281,66774137
66651925,66739717,66717236
66652040,66669518,66674389
66653071,66690805,66694004
66653398,66623950,66771153
66654267,1603680284,66695095
66654944,66731645,66696169
66655774,66733850,66771397
66655973,66649818,66772771
66656208,66677295,66711423
66656797,4849680874,66656993
66656993,4849680871,66656797,4849680876,66641749
66657887,66725680,66616904
66657897,66690832,66682923
66658527,66738634,4277553945
66658731,66682724,66773370
66660048,66770741,66744408
66660471,66696015,66744408
66660929,66680151,1701851306,66685291
66661098,66729208,66605406
66661136,66667354
66661389,66750776,66768607
66662007,66619901,66676635
66662689,66729208,1445170293
66664430,66675963,66759765
66665401,66601419,66750253
66666076,66645256,66718925
66666159,66594965,66669710
66666550,66619567,66605670
66667074,4277553949,4277553945
66667354,66697270,66661136
66668690,66715113,1445170559,66727647
66668849,66615952,66750202
66669518,66590928,66652040
66669680,66636751,1445169801,1445170061
66669710,66666159,66591133
66669836,66692387,66747291
66669893,66641476,1439024813
66669954,66627074,66645458
66670044,66728645,66735070
66670166,66690954,66688563
66670230,66693972,66709480
66671316,66619901,66619459
66672372,1439024941
66672467,66756752,66714174
66672562,66704951,66683719
66672627,66701452
66674389,66691746,66652040,1445169916
66675600,66627723,66752458
66675963,66664430,66702310
66676635,66662007,66634747
66677226,66605871,66627769
66677295,66768012,66656208
66677606,66641620,1445170356,66718847,3292747504
66677646,66705576,66610037
66677911,66714013,66713700
66678271,66591571,66725794
66678768,66691821,66632740
66679688,1445170080,66767621
66680110,1445169802,66630529
66680151,66660929,66624229
66680288,66613736,66621839
66681734,66748450,66613767
66682724,66658731,66707860
66682923,4594449503,66657897,66750253
66683719,1445170591,66672562
66684861,1443766433,1443766378,66615338
66685077,66716312,66753344
66685291,1626446839,66660929
66685474,66591571,66768012
66685854,66721167,66690614
66687246,1445170591,66688934
66687804,66646784,66763185
66688461,66704996,66600724
66688563,66670166
66688934,66699949,66687246
66690198,66713641,66727460
66690289,66628653,66734118
66690614,66685854,66597475
66690708,66725079,1443766485
66690805,66629985,66653071
66690832,66657897,66705096
66690954,66670166,66605908
66691296,66712696,4296675045
66691491,4277553939,66634293
66691532,4591880050
66691746,66749243,66674389
66691782,66603061,66703173
66691821,66678768,66713780
66691909,66757124
66691919,66693972,2264432094
66692387,66669836,66612839
66692665,66750776,66636049
66693211,66713052,1445170262
66693515,66715250,66732524
66693609,66764082,66638628
66693972,66691919,66670230
66694004,66736958,66653071
66694721,66613634,66631711
66694809,66731532,66711701
66694903,66774137,66714002
66694947,66747346,1445170348
66695095,3151897140,66654267
66695165,66630860,66727249
66695702,4277553940,66639639
66696015,66660471,66758056
66696169,66766541,1443766504,66654944,1445170577
66696617,66639231,66598363
66697270,66667354,66646784
66697596,1445170421,1439024901
66697845,66623319,66618962
66698048,66650103,66726547,1445170610
66698331,66646405,66766846,1445170239
66699287,66648227,66732524
66699848,66618895,66713683
66699949,4594435076,66688934
66700448,66774241,66613714
66700466,66621191,66772704
66700778,1445170236,66736840,66714560
66700812,66714185,66639638
66701452,66672627,66629985
66701696,1445170066,66712151,66650103
66701736,66600924,66604039
66702036,66726547,66774241
66702310,2264432100,66675963
66703173,66627074,66691782
66704310,66628896,66648852
66704477,66755159,66611749
66704711,66739831,66714002
66704947,66601140,66733521
66704951,66672562,66605406
66704996,66688461,66642723
66705072,66751576,66643813
66705096,66690832,66715250
66705576,66677646,66709480
66705771,66713282,66635578,66708389,1701851306
66705894,1445169851,66630529
66707821,1445170286,1445170336,66622645,1445169856
66707860,66682724,66598945
66708184,66619669,66767369
66708190,3169719092,3169719087
66708389,66705771,1445170254,66628914
66708569,1439024813,1445169947,1443766625,66643048
66709208,66742395,66726844
66709480,66705576,66670230
66710137,66757124,66749632
66711423,66656208
66711459,66606446,1445170494,66713700
66711701,66694809,66627723
66712151,66713064,66701696
66712696,66614285,66691296
66712897,66645793,66641437
66713052,66725680,66693211
66713064,66712151,66631711
66713282,66705771,1445170421
66713329,66752458,66749243
66713641,66690198,66766331
66713683,66699848,66714714
66713700,66711459,66677911
66713780,66630860,66691821
66714002,66694903,66704711,1445169831
66714013,66726905,66677911,66600924
66714174,2264432094,66672467
66714185,66700812,66758056
66714320,66750820,66714560
66714347,66647553,66772771
66714560,66714320,66700778
66714714,66713683,66732715
66715113,4277553939,66668690,1445170384
66715250,66693515,66705096
66716312,66718945,66685077
66717236,1445170461,66651925
66717960,66768403,66641620
66718017,66638945,66611226
66718847,66677606,66591945
66718925,66747508,66666076
66718945,66716312,66595402
66719256,66620360,66608280
66720357,66746103,66642130
66720582,66603678,66595318
66721167,66726905,66685854
66722379,1445170302,66595318
66722715,66724281,66634747
66723716,66628896,66727249
66724281,66722715,66726844
66725079,66690708,66615930,66643048
66725680,66713052,66657887
66725794,66678271,66618452
66725900,66650493,66601451
66726547,66702036,66698048
66726844,66709208,66734118,66724281
66726905,66721167,1445170259,66606446,66714013
66727047,66731016,66610037
66727249,66723716,66695165
66727460,66690198,66598363
66727647,66668690,66644119
66728645,66670044,66624555
66729208,66661098,66662689
66729584,66600491,4277553946
66731016,66727047,66754649
66731178,66619567,66615363
66731532,66694809,66769083
66731645,1443766485,66654944
66731955,66620871,1445169815
66732524,66699287,66693515
66732676,1445170469,1445169802
66732715,66714714,1445170254
66733521,66747950,66704947
66733850,66745044,66655774
66734118,66690289,66726844
66735070,66670044,66627857
66736840,66603061,66700778
66736958,66602356,66694004
66737338,3085495691
66737858,66754192,66751576
66737971,66624229,66647553
66738290,66649818,1445170548
66738388,1626458598
66738634,4277553941,66658527
66739717,66651925,66601451
66739831,1445170414,66704711
66742395,66613891,66709208
66744408,66660471,1443766563,66660048
66744564,66603678,66763192
66745044,66733850,66767369
66746103,66720357,66766846
66746741,66645256,66627769
66747078,66601140,66764373
66747291,66669836,66755159
66747346,66694947,66645793
66747508,66718925,66636049
66747950,66733521,66756026
66748450,66627857,66681734
66749243,66691746,66713329
66749536,66775399,66614239
66749632,1445170270,66710137
66750202,66598945,66668849
66750253,66682923,66665401
66750523,66613128,66614285
66750776,66692665,66661389
66750820,66621839,66714320
66751576,66705072,66737858
66751927,1439024928,66645654
66752458,66675600,66713329
66752739,66774850,66613206
66753344,66595208,66685077
66754192,66602356,66737858
66754649,66613767,66731016
66755145,1445169815,4591888023
66755159,66704477,66747291
66755654,1445170362,66638945
66756026,66747950,4849680868,4849680872,66635413
66756484,1626458568,1626458570
66756752,66615764,66672467
66757124,66691909,66710137
66757746,66615288,66643813
66758056,66714185,66696015
66759765,66664430,66763185
66760286,66601516,66621266
66761964,66623950,66605908
66762001,66623319,66608280
66762336,66636751,1445170446
66763185,66687804,66759765
66763192,66744564,66644119
66764082,66623588,1445170488,66693609,66642128
66764373,66646200,66747078,1445170182
66766331,66713641,1445170293
66766541,66605843,66696169
66766846,66746103,66698331
66767369,1445169849,66708184,66745044
66767621,66679688,66645619
66767746,4591888017,1445170362,66768690,4591888018
66768012,66685474,66677295
66768403,66609472,66717960
66768607,66661389,66604039
66768690,66604514,1445170207,1445169879,66767746
66769083,66731532,1445170330
66769373,1445170538,1443766470,1443766394
66769558,66620871,66611226
66770741,1445170270,66660048
66771153,66653398,66595402
66771397,66646405,66655774
66772614,66775557,4594449496,66601419
66772704,66609557,66700466
66772771,66655973,66714347,1603680270
66773370,66594965,66658731
66774137,66694903,66651186
66774241,66702036,66700448
66774850,66593421,66752739
66775399,66749536,66609557
66775440,66641476,66645654
66775557,1445170391,66772614,66626853
66775873,66591838,66613206
319882541,66609703
319882542,1439024922,1439024783
328937127,328993768,328962504
328938118,328945903,328961324
328940954,328941756,328965661
328941409,328966156,4517246727
328941756,328940954,328949681
328942132,5261619758,328950063
328945903,328965659,328938118
328949681,328989567,328941756
328950063,328989957,328942132
328950327,4517246727,5261610365
328953472,328961857,328982191
328953779,339467273,328982583
328957283,328957710,328965661
328957710,328957283,328986301
328961324,328961857,328938118
328961857,328953472,328961324
328962504,328937127,4309886750
328965659,328945903,328966156
328965661,328940954,328957283
328965805,5261619758,5261610365
328966156,328941409,328965659
328973461,328982191,4594414186
328973679,328997231,328982583
328978500,4594406327,329001491
328982191,328953472,328973461
328982583,328953779,328973679
328986301,2263720673,328957710
328989567,328949681,328997992
328989957,328997231,328950063
328993768,328937127,5261586274
328997231,328989957,328973679
328997992,328989567,4594414185
329001491,328978500,5261586274
339467273,328953779,4309886750
339467362,1162465617,1162465619
339467366,1162465571,1162465615
339467369,1162465615,1162465609
339467372,1162465609,1162465573
339467375,1162465573,339467379
339467379,1443766407,339467375
339467382,1162465603,1443766624
339467384,1443766541,1443766624
339467387,339467390,1443766541
339467390,1162465601,339467387
339467391,339467393,1443766255
339467393,339467391,1162465577
339467396,1162465575,1443766379
339467399,1162465632,1162465634
339467401,1162465632,1443766581
339467403,1162465630,1443766505
339467406,1162465621,1443766505
339467409,494249631,1443766381
339467412,339467414,1443766596
339467414,339467412,1443766478
339467417,1443766263,1443766551
339467424,1439024736,1443766461
339467426,494249605,1439024736
339467438,1443766561,494249608
339467440,494249596,494249600
339467454,1445169976,339467461
339467456,1445170372,1445170547,339467468
339467459,1445170216,1445170252
339467461,1445170252,339467454
339467464,1443766498,1445170102
339467468,1445169835,339467456
339467492,339467504,339467495
339467495,339467492,339467501
339467501,339467504,339467495
339467504,339467492,339467501
494237264,1445170372,1445169880
494243022,494243023,1445170385
494243023,494243022,494243024
494243024,494243023,1445169970
494243025,494243026,1445169845
494243026,494243027,494243025
494243027,3085515639,494243026
494243029,1445170042,1445170316
494249587,494249594,494249589
494249589,494249587,1443766542
494249590,1443766542,1443766486
494249594,494249587,1439024764
494249596,339467440,1439024829
494249600,339467440,494249610
494249605,339467426,494249608
494249608,494249605,339467438
494249610,494249614,494249600
494249611,494249617,494249612
494249612,1443766348,494249611
494249613,1443766568,494249614
494249614,494249613,494249610
494249617,494249618,494249611
494249618,494249617,494249620
494249620,1443766605,494249618
494249627,494249631,1443766457
494249631,339467409,494249627
494253063,3087808228,3087808227
494253070,494253075,3087808230
494253075,494253070,3087808226
494253081,3087808224,3087808225
1162465571,339467366,1443766469
1162465573,339467372,339467375
1162465575,1162465634,339467396
1162465577,339467393,1443766379
1162465601,339467390,1443766255
1162465603,339467382,1443766407
1162465609,339467372,339467369
1162465615,339467366,339467369
1162465617,1443766469,339467362
1162465619,1162465621,339467362
1162465621,339467406,1162465619
1162465623,1162465630,1443766581
1162465630,1162465623,339467403
1162465632,339467399,339467401
1162465634,339467399,1162465575
1261032804,1445170417,1445169872
1261032807,1261032834,1445169876
1261032809,1445170228,1261032844
1261032812,1445170268,1445170560
1261032814,1261032832,1261032856
1261032816,1445170040,1261032850
1261032818,1261032889,1261032822,1445170059
1261032822,1445170087,1261032818
1261032824,1261032844,1445170059
1261032832,1261032814,1445170087
1261032834,1261032807,1261032857
1261032844,1261032824,1261032809
1261032850,1261032816,1445169980
1261032852,2725100640,1445170609
1261032854,2725100640,1445169980
1261032856,1445170237,1261032814
1261032857,1261032834,1261032888
1261032860,1366228592,1261032891
1261032876,2463414923,1261032880
1261032880,1261032876,1366228595
1261032888,1261032889,1261032857
1261032889,1261032888,1261032818
1261032891,1261032860,2453012634
1366228592,1261032860,1366228596
1366228593,2463414920,1366228594
1366228594,1366228593,2463414924
1366228595,2453012630,1261032880
1366228596,2463414921,1366228592
1439024736,339467426,339467424
1439024737,1439024802,1439024963
1439024741,1439024969,1439024903
1439024742,1439024924,1443766363
1439024748,1443766554,1439024813,1443766625,1443766583
1439024752,1439024819,1439024985
1439024754,1439024986,1439024821
1439024756,1439024941,1445169951,1445170487
1439024757,1443766432,1439024823
1439024758,1439024824,1439024918,1439025028,1439024989
1439024762,1439024997,1439024821,1439024976,1439024909
1439024764,494249594,1439024829
1439024772,1439024838,1439025007
1439024776,4591890248,1439024787,1439024853
1439024778,1439024964,1439024891,5159715715
1439024779,1439024875,1439024988,1439024845,1445170047
1439024780,1439024818,1439024870,1445170450,1443766453,1439024918
1439024782,1439025014,1439024847
1439024783,319882542,1701851304
1439024785,1439024964,1439025027,1439024979,1439024850,1439024976
1439024787,1439024915,1439025031,1439024822,1439024853,1439024851,1439024776
1439024793,1439024861,1439024814,1439024815,1439024880
1439024796,1439024861,3087823841
1439024802,1439024737,1439024858
1439024804,1443766304,1445170541,1439024989
1439024808,3085495693,1439024927
1439024813,66669893,1439024748,66708569
1439024814,1439024879,1439024793
1439024815,1439024793,1439025028,1439024880
1439024818,1439024780,4276779887
1439024819,1439024752,1439025024
1439024821,1439024762,1439024754,1439024896,1439024888
1439024822,1439024843,1439024870,1439024787
1439024823,1439024952,1439024757
1439024824,1439024860,1439024758,1439025031
1439024829,494249596,1439024764
1439024830,1603679690,1603679798,1439025019
1439024831,1439024898,1439024863
1439024832,1439024861,1439024860,1439024880
1439024838,1439024906,1439024772
1439024841,1445170250,1445170610
1439024843,1439024910,1439024822
1439024845,1439024779,1439024895
1439024847,1439024965,1439024782,1439024883,1439024868
1439024848,1439024926,1439025007
1439024850,1439024986,1439025027,1439024785,1439024896
1439024851,3086135731,3086135732,1439024787
1439024853,1439024868,1439024787,1439024776
1439024858,1439024953,1439024802
1439024860,1439024824,1439024832,1439024880
1439024861,1439024832,1439024793,1439024796
1439024863,1439024879,1439024831
1439024868,1439024930,1439024847,1439024910,1439024853
1439024870,1439024780,1439025031,1439024918,1439024822
1439024873,1439024942,1443766439,1439025014
1439024875,1439024779,1439024926,1439024945
1439024876,1603679824,3085495693
1439024879,1439024863,1439024814
1439024880,1439024860,1439024793,1439024815,1439024832
1439024883,1443766253,1439024970,1439024847
1439024885,4276779890,4276779888,4276779889,1439024952
1439024888,1445170250,1445170088,1439024821
1439024891,1439024778,1445169997,1445170550,5159715716
1439024892,1445170450,1443766493
1439024895,1439025023,1439024845,1439024945
1439024896,1439024821,1439024985,1439024850
1439024898,1439024963,1439024831
1439024899,1439024964,1443766583,5159715715
1439024901,1439024922,66697596
1439024903,1439024741,1439024993
1439024906,1439024973,1439024838
1439024909,1445170066,1439024762
1439024910,1439024843,1439024868,1439024915
1439024915,1439024910,1439024787
1439024916,1445169984,1439024993
1439024918,1439024780,1439024870,1439024758,1439024989
1439024919,1439024964,1439024987
1439024920,4276779890
1439024922,319882542,1439024901
1439024924,1443766352,1439024742
1439024926,1439024973,1439024848,3170859576,1439024875
1439024927,1439024953,1439024808
1439024928,66613634,1439024997,66751927
1439024930,1439024868,1439024965
1439024941,1445170035,1439024756,1445170550,66672372
1439024942,1439024873,1443766474,1439025014
1439024945,1439024875,1439024895,1439024983,1439025007
1439024952,1439024885,4276779889,1439025023,1439024823
1439024953,1439024858,1439024927
1439024956,1443766451,66638823,1443766473
1439024962,1443766415,1443766343,1443766454
1439024963,1439024898,1439024737
1439024964,1439024899,1439024919,1439024785,1439024778
1439024965,4276779889,1439024847,1439024980,1439024930
1439024969,1439024741,1445169892
1439024970,1439024883,1439025023
1439024973,1439024906,66599466,1439024926
1439024976,1439024762,1443766525,1439024785
1439024979,1443766525,1439024785,1443766583
1439024980,1439024965,1439025023
1439024983,1443766253,1439024945,1439025007
1439024985,1439024752,1439024896
1439024986,1439024850,1439024754
1439024987,1439024919,1445169951
1439024988,1439024779,1443766556,1443766473,1445170047
1439024989,1439024804,1439024918,1439024758
1439024993,1439024916,1439024903
1439024997,1439024928,1439024762,1445169824,1443766272
1439024998,1439025019
1439025007,1439024848,1439024772,1439024983,1439024945
1439025014,4792433004,1439024782,1443766445,1439024942,1439024873,1443766474
1439025019,1443766454,1439024998,1439024830,1443766549
1439025023,1439024970,1439024952,1439024895,1439024980
1439025024,1439024819,1445170088
1439025027,1439024850,1439024785,1445170487
1439025028,1439024758,1439024815
1439025031,1439024824,1439024870,1439024787
1443766248,1443766415,1443766549
1443766253,1439024883,1443766345,1439024983
1443766255,339467391,1162465601
1443766257,1445169927,1443766595
1443766261,1443766508
1443766263,339467417,1443766418
1443766272,1443766525,1439024997,1443766620
1443766273,1443766559,1443766551
1443766277,1443766530,1443766625
1443766279,1445169834,1443766397,1443766426
1443766281,1443766563,3151897211
1443766287,1443766399,1443766637
1443766290,1443766604,1443766517
1443766296,1443766561,1443766486
1443766300,2966030331,1443766572
1443766302,1443766612,1443766412
1443766304,1439024804
1443766313,1443766584,1445170047
1443766315,1443766446,1443766509
1443766318,1443766420,1443766488,3170859587,3170859589
1443766319,1443766467,1443766405
1443766320,1443766559,1443766484
1443766321,1445169994,1445169932,1443766425
1443766328,1445169946
1443766332,1443766556,1443766398
1443766337,1443766602,1443766558,1445169974
1443766343,1443766415,1443766402,1439024962,1445169997
1443766345,1443766253,1443766445
1443766347,1443766575,1443766436
1443766348,494249612,1443766406
1443766352,1439024924,1443766378
1443766359,1443766502
1443766361,1443766621,1649993981
1443766363,1443766439,1439024742
1443766364,1443766627,1443766471
1443766367,2966030330,1443766392
1443766368,1443766482,1443766400,1443766556,1443766473,1443766451
1443766369,1443766590,1443766452
1443766378,1443766591,66684861,1443766352
1443766379,1162465577,339467396
1443766380,1443766470,1443766523
1443766381,339467409,1443766522
1443766392,1443766367,1443766589
1443766394,1445170602,1443766576,66769373
1443766396,1443766592,1443766461
1443766397,1445170186,1443766594,1443766584,1443766279
1443766398,1443766400,1443766332
1443766399,1443766287,1443766488
1443766400,1443766430,1443766398,1443766368
1443766402,1443766343
1443766404,1443766623,1443766603
1443766405,1443766577,1443766319
1443766406,1443766348,1443766468
1443766407,1162465603,339467379
1443766412,1443766499,1443766302
1443766414,1445169848,1443766453,1445169974
1443766415,1443766248,5159715716,1443766343,1439024962,1445169997
1443766417,1443766558
1443766418,1443766263,1443766478
1443766420,1443766318,1443766550
1443766422,1443766577
1443766424,1443766592,1443766484
1443766425,1443766519,1443766321,1445169944
1443766426,1443766279,1445170514,1443766473
1443766427,1445170538,66645458,1443766523
1443766430,1443766432,1443766400,1443766491
1443766432,1443766430,1439024757,1443766493
1443766433,1443766494,66684861
1443766436,1443766529,1443766347
1443766437,1443766509,1443766605
1443766439,1439024873,1443766363
1443766441,1443766502,1443766580,1443766602,1443766528
1443766445,1439025014,1443766345
1443766446,1443766496,1443766315
1443766450,2966030331,1443766547
1443766451,1443766482,1443766368,1439024956
1443766452,1443766621,1443766369
1443766453,1443766414,1439024780,1445169848,1445170450
1443766454,1439024962,1439025019
1443766457,494249627,1443766471
1443766461,1443766396,339467424
1443766462,1445170364,1445170454
1443766464,1603679974,1603679955
1443766466,1445169895,1445170150,1445170142,1649993981
1443766467,1443766502,1443766319
1443766468,1443766568,1443766406
1443766469,1162465571,1162465617
1443766470,1443766487,1443766508,1443766380,66769373
1443766471,1443766364,1443766457
1443766473,1439024956,1439024988,1443766368,1443766426
1443766474,1439024942,1439025014,4792433003,1443766516
1443766476,1443766577,1443766580,1443766558
1443766477,1443766520,1445170317
1443766478,339467414,1443766418
1443766482,1443766451,1443766491,1443766368
1443766484,1443766320,1443766424
1443766485,1443766560,66690708,66731645,1445170455
1443766486,1443766296,494249590
1443766487,1443766470
1443766488,3151897215,1443766399,1443766318,4296664235
1443766489,1445170364
1443766491,1443766482,1443766430,1443766493
1443766493,1443766432,1439024892,1443766491
1443766494,1443766433,1443766540
1443766496,1443766446,1443766586
1443766497,1443766595,1443766550
1443766498,339467464,1445170123
1443766499,1443766575,1443766412
1443766502,1443766467,1443766441,1443766359
1443766504,1443766560,3151897214,66696169,3170859578
1443766505,339467406,339467403
1443766508,1443766261,1443766470
1443766509,1443766437,1443766315
1443766512,1443766589,1443766536
1443766514,1443766590,3169718054
1443766516,1443766474,4792433003
1443766517,1443766612,1443766290
1443766519,1445169994,1443766425,1443766594
1443766520,1443766477,1443766595
1443766522,1443766381,1443766596
1443766523,1443766380,1443766427
1443766525,1439024979,1439024976,1443766272
1443766528,1443766441
1443766529,1443766436,1443766604
1443766530,66615930,1443766277,66600724,66643048
1443766531,1445170570,1445170305
1443766536,1443766512,1443766550
1443766538,1443766554,1443766620
1443766540,1443766623,1443766494
1443766541,339467387,339467384
1443766542,494249590,1443766625,494249589
1443766543,1443766627,1443766586
1443766547,1443766450,1443766637
1443766549,1443766248,4591890248,1439025019
1443766550,1443766420,1443766497,1443766536
1443766551,339467417,1443766273
1443766554,1443766583,66641476,1443766538,1439024748
1443766556,1443766332,1443766368,1439024988
1443766558,1443766476,1443766417,1443766337
1443766559,1443766320,1443766273
1443766560,66615930,1443766603,1443766504,1443766485
1443766561,1443766296,339467438
1443766563,1443766281,66744408,3170859589,3151897212
1443766568,494249613,1443766468
1443766572,1443766300
1443766575,1443766499,1443766347
1443766576,1443766394
1443766577,1443766476,1443766422,1443766405
1443766580,1443766476,1443766441
1443766581,1162465623,339467401
1443766583,1443766554,1439024979,1439024748,1439024899
1443766584,1443766313,1445169806,1443766397
1443766586,1443766496,1443766543
1443766589,1443766392,1443766512
1443766590,1443766514,1443766369
1443766591,1443766378,4792433003
1443766592,1443766424,1443766396
1443766594,1443766519,1445170426,1443766397
1443766595,1445170260,1443766497,1443766520,1443766257
1443766596,339467412,1443766522
1443766602,1443766441,1443766337
1443766603,1443766560,66599466,1443766404
1443766604,1443766529,1443766290
1443766605,494249620,1443766437
1443766606,1445170186,1445170505
1443766612,1443766517,1443766302
1443766620,1443766538,1443766272
1443766621,1443766452,1443766361
1443766623,1443766540,1443766404
1443766624,339467382,339467384
1443766625,1443766542,1443766277,1439024748,66708569
1443766627,1443766364,1443766543
1443766637,1443766547,1443766287
1445169778,1445170057,1445170604
1445169779,1445170391,1445170080
1445169781,1445169888
1445169785,1445170084,1445170326
1445169786,1445170085,1445170327
1445169787,1445170086,1445170329
1445169789,1445170404,1445170574
1445169790,1445170250,1445170088
1445169791,1445170456
1445169792,1445170334,1445170326,1445170449,4296664234
1445169795,1445169854,2264382660
1445169797,1445170342,1445170024
1445169799,1445170117,1445170098
1445169801,1445170584,1445170438,66601620,66669680
1445169802,66680110,66732676
1445169803,1445170398,1445170029
1445169804,1445170518
1445169805,1445170528,1445170106
1445169806,1445170108,1443766584
1445169807,1445170602,1445170427,1445170064,1445170413
1445169808,1445170112,4591899134
1445169810,1445170115,1445170051
1445169811,1445170310,1445170132,1445169947,1445170424
1445169814,1445170295,1445170117,1445170468,1445170308
1445169815,66755145,66731955
1445169817,1445170121
1445169820,1445170067,2700784797
1445169821,1445170048,1445170357
1445169822,1445170141,1445170289
1445169824,1445170066,1439024997
1445169828,1445170363,1445169898
1445169829,1445170445,1445170147
1445169830,1445170148,66650493
1445169831,1445170463,1445170423,66714002,1445169881
1445169833,1445170284,1445170150
1445169834,1445170371,1443766279
1445169835,1445170153,339467468
1445169840,1445170165,1445170375
1445169841,1445170377,1445170586
1445169842,1445170167,1445170080
1445169844,1445170081,1445170517
1445169845,1445169970,1445169957,494243025
1445169846,1445170258,1445170170,1445170594
1445169848,1443766414,1443766453,1445170541
1445169849,66610257,66767369,1445170383
1445169850,66595208,1445170157,1445169952,1445170045
1445169851,66705894,1445170187,1445169897
1445169852,1445170389,1445170338,1445170200,1445170078
1445169854,2264382589,1445169795
1445169856,1445170197,66707821
1445169858,1445170096
1445169859,1445170090,1445169902
1445169862,66632137,1701851304
1445169863,1445170205,66621839
1445169864,1445170409,1445170208
1445169865,1445170210,1445170410
1445169866,1445170091,1445170411
1445169867,1445170413
1445169868,1445170335,1445170219
1445169872,1445170228,1261032804
1445169874,1445170553
1445169875,1603679965,1603679953,1445169974
1445169876,1261032807,1445170059
1445169878,1445170607,1445170239
1445169879,1445170424,66768690
1445169880,494237264,1445170216,1445170365
1445169881,1445170098,1445170414,1445169831,1445170366
1445169884,1445170251,1445170503
1445169887,1445170436,1445170257
1445169888,1445169781,1445170258,1445170506
1445169889,1445170127,1445170438
1445169890,1445169913,1445170195
1445169892,2296737893,1439024969
1445169893,1445170440
1445169895,3170859591,1443766466
1445169897,1445169851,1445170265
1445169898,1445169828,1445170268
1445169900,1445169991,1445170552,1445170272
1445169901,1445170444,1445170409,1445170165
1445169902,1445169859,1445170273
1445169903,1445170275,1445170367
1445169904,1445170501,1445170520
1445169906,1445170151,1445170454
1445169907,1445170280,1445170455
1445169908,1445170029
1445169909,1445170282,1445170526
1445169910,1445170458,1445170563
1445169913,1445170177,1445169890
1445169915,1445170398,1445170289
1445169916,1445170292,66674389
1445169918,1445170461,3534110935
1445169919,1445170463,1445169996
1445169920,1445170537
1445169923,1445170417,1445170299
1445169925,1445170499,1445170465
1445169927,1445169932,1443766257
1445169928,1445170468,1445170366
1445169931,1445170471,1445170370
1445169932,1445170306,1445169927,1443766321
1445169933,1445170308,1445170366
1445169938,1445170462,1445170475,3151897166
1445169940,1445170030,1445170537,1445169950,1445170486
1445169942,1603679892,1603679884,1445170406
1445169943,1445170478,1445170316
1445169944,1445170260,1445170216,1443766425,1445170365
1445169945,1445170479,1445170197
1445169946,1443766328,3170859587
1445169947,1445169811,1445170019,1445170457,66708569
1445169949,3169718030,1445170485
1445169950,1445169940,66604819
1445169951,1439024987,1439024756,1445170550,1445170487
1445169952,1445169850,1445170320
1445169955,1445170363,1445170006
1445169956,1445170394,1445170492
1445169957,1445170325,1445170565,1445169845
1445169961,1445169983,1445170353
1445169962,1445170292,1445170330,1445169988
1445169963,1445170248,1445170024
1445169965,1445170501,1445170332
1445169967,1445170334,4849680865
1445169968,1445170023,1445170410
1445169970,1445170565,494243024,1445169845
1445169972,1445170508,1445170335
1445169974,1443766414,1445169875,1443766337
1445169975,1445170338,1445170420
1445169976,1445170342,339467454
1445169977,1445170343,1445170511
1445169978,1445170512,4594447698,4594447696
1445169980,1261032850,1261032854
1445169981,1445170544,1445170282,1445170009
1445169983,1445169961,1445170569
1445169984,1439024916,1445170035
1445169987,1445170521,1445170356
1445169988,1445170529,1445169962
1445169989,1445170522
1445169991,1445170391,1445169900,1445170432
1445169994,1443766519,1445170356,1443766321
1445169995,1445170259,1445170530
1445169996,1445169919,1445170438
1445169997,1443766415,1443766343,1445170550,1439024891
1445169998,1445170556,1445170221,1445170358
1445170003,1445170534,1445170592,1445170326
1445170005,1445170297,1445170538
1445170006,2725100640,1445170540,1445169955
1445170007,1603679891,1445170541,1603679879
1445170009,1445170367,1445169981
1445170014,1445170608
1445170015,1445170546,1445170371
1445170019,1445170425,1445169947
1445170020,1445170552,1445170377
1445170023,1445170273,1445169968
1445170024,1445169963,1445169797
1445170025,1445170384,1445170559
1445170026,1445170560,4849680873
1445170027,1445170385,1445170186,1445170333
1445170029,1445170354,1445170388,1445169803,1445169908
1445170030,1445169940,1445170389,1445170420,1445170562
1445170032,1445170272,1445170391
1445170035,1445169984,1439024941
1445170036,1445170568
1445170038,1445170572,1445170402
1445170040,1261032816,1445170404
1445170041,1445170575,1445170406
1445170042,1445170385,494243029,1445170333
1445170045,1445170580,1445169850
1445170046,1445170581,1445170411
1445170047,1439024779,1443766313,1439024988
1445170048,1445169821,1445170412
1445170050,1445170336,1445170584
1445170051,1445170414,1445170166,1445169810,1445170586
1445170052,1445170581,1445170167,1445170587
1445170054,3151897163,1445170086,1445170341,1445170515
1445170057,1445169778,1445170064,1445170594
1445170059,1261032824,1445169876,1261032818
1445170061,1445170423,66619863,66669680
1445170064,1445170057,1445170307,1445169807
1445170066,1445170610,1445169824,66701696,1439024909
1445170067,1445169820,1445170402
1445170070,1445170437,1445170239
1445170075,1445170609,1445170443
1445170078,1445170444,1445169852
1445170080,1445169842,1445169779,66679688,66593421
1445170081,1445170445,1445169844
1445170084,1445169785,1445170449
1445170085,1445170451,1445169786
1445170086,1445170054,1445169787,66630529
1445170087,1261032832,1261032822,1445170455
1445170088,1445169790,1439025024,1439024888
1445170090,1445169859,1445170496
1445170091,1445169866,1445170458
1445170096,1445169858,1445170399
1445170097,1445170214,1445170529,1445170277
1445170098,1445170463,1445169799,4594447695,1445169881
1445170102,1603680154,339467464
1445170106,1445170471,1445169805
1445170108,1445169806,1445170546
1445170110,1445170472,1445170412
1445170112,4591899147,1445169808
1445170115,1445170398,1445169810
1445170117,1445170500,1445169799,1445169814
1445170121,1445169817,1445170477
1445170123,1443766498,1445170407
1445170127,1445170479,1445169889
1445170132,1445170424,1445169811,1445170587
1445170139,3170859591,1445170485
1445170141,1445170488,1445169822
1445170142,1443766466,1445170317
1445170147,1445169829,1445170492
1445170148,1445170494,1445169830
1445170149,2700784797,1445170558,1445170274
1445170150,1443766466,1445169833
1445170151,1445169906,1445170498
1445170153,1445169835,3292747498
1445170157,1445170501,1445169850
1445170165,1445169840,1445170532,1445169901
1445170166,1445170354,1445170051
1445170167,1445169842,1445170052
1445170170,1445169846,1445170506
1445170177,1445170508,1445169913
1445170182,1445170511,66764373
1445170184,1445170512,1445170597
1445170186,1443766397,1445170027,1443766606
1445170187,1445169851,3151897165,1445170515
1445170193,1445170394,1445170517
1445170195,2264382589,1445169890
1445170197,1445170597,1445169945,1445169856
1445170200,1445169852,4759767823,4759767822
1445170201,1445170449,2264382572
1445170205,1445170522,1445170278,1445169863
1445170207,1445170525,66768690
1445170208,1445169864,1445170526
1445170210,1445169865,1445170516
1445170214,1445170305,1445170097,1445170529
1445170216,339467459,1445169880,1445169944
1445170219,1445170530,1445169868
1445170221,1445169998,1445170440,1445170531
1445170228,1445169872,1261032809
1445170229,1445170343,1445170534
1445170235,1445170354,1445170525
1445170236,1603679881,1603679866,66700778
1445170237,1261032856,1445170299
1445170239,1445169878,66698331,1445170070
1445170240,4591899146,4591899147
1445170241,1445170556,1445170544
1445170248,1445169963,1445170547
1445170250,1445169790,1439024841,1439024888
1445170251,1445169884,1445170425
1445170252,339467459,339467461
1445170254,66708389,66732715,1445170421
1445170257,1445169887,1445170478
1445170258,1445169846,1445169888
1445170259,66726905,1445170285,1445169995
1445170260,1443766595,1445169944
1445170262,1445170556,66693211,66635947
1445170265,1445170318,1445169897,3292747503,3151897165
1445170266,1445170488,1445170486
1445170268,1261032812,1445169898
1445170270,66770741,66749632
1445170272,1445170032,1445169900,66651186
1445170273,1445170023,1445169902
1445170274,1445170149,1445170563
1445170275,1445169903,1445170568
1445170276,3151897152
1445170277,1445170570,1445170097
1445170278,1445170205,1445170575
1445170280,1445169907,1445170351,1445170577
1445170281,1445170578,1445170563
1445170282,1445169981,1445170420,1445169909
1445170283,1445170580,1445170516
1445170284,1445170370,1445169833
1445170285,1445170259,4849680877,4591899134
1445170286,66707821,1445170302
1445170289,1445169822,1445169915
1445170292,1445169962,1445169916,1445170498
1445170293,66662689,66766331
1445170294,1445170592,1445170511
1445170295,66601516,1445170500,1445170468,1445169814,1445170559
1445170297,1445170005,1445170594
1445170299,1445170237,1445169923
1445170302,1445170286,66722379,1445170597
1445170305,1445170214,1443766531,1445170330
1445170306,1445170528,1445169932
1445170307,1445170427,1445170064,1445170607
1445170308,1445169814,1445169933
1445170310,1445169811
1445170312,1445170402,4849680866,1445170577
1445170316,1445169943,494243029
1445170317,1443766477,1445170142
1445170318,1445170265,66594997
1445170319,4849680873,1445170443
1445170320,1445170610,1445169952
1445170324,1445170574,1445170540
1445170325,1445170570,1445169957,1445170505
1445170326,1445169792,1445169785,1445170003
1445170327,1445170556,1445170488,1445169786
1445170329,1445170521,1445169787,1445170353
1445170330,1445170305,1445169962,66769083
1445170332,1445170399,1445169965
1445170333,1445170042,1445170027,1445170514
1445170334,1445169792,1445169967
1445170335,1445169972,1445169868
1445170336,66707821,1445170050
1445170338,1445169852,1445169975
1445170341,3151897162,1445170054
1445170342,1445169976,1445169797
1445170343,1445170229,1445170553,1445169977
1445170345,4594447698,1445170500,66644119,1445170559
1445170348,1445170398,66613748,66694947
1445170351,1445170572,1445170280
1445170353,1445169961,1445170329
1445170354,1445170235,1445170029,1445170166
1445170356,1445169987,1445169994,1445170528,66677606
1445170357,1445169821,1445170518
1445170358,1445169998
1445170362,66755654,66767746
1445170363,1445169828,1445169955
1445170364,1443766489,1443766462
1445170365,1445170426,1445169880,1445169944
1445170366,1445169881,1445169933,1445169928
1445170367,1445169903,1445170009
1445170369,1445170608
1445170370,1445170284,1445169931
1445170371,1445169834,1445170015
1445170372,494237264,339467456
1445170375,1445169840,1445170472
1445170377,1445170020,1445169841
1445170383,1445169849,1445170477
1445170384,66601516,66715113,1445170025
1445170385,494243022,1445170042,1445170027
1445170388,1445170029
1445170389,1445170030,1445169852
1445170391,66775557,1445169779,1445170032,1445169991
1445170394,1445169956,1445170193
1445170398,1445170348,1445170115,1445169915,1445169803
1445170399,1445170520,1445170332,1445170096
1445170402,1445170038,1445170312,1445170067
1445170404,1445169789,1445170040
1445170406,1445170041,1445169942
1445170407,1445170547,1445170123
1445170409,1445169864,1445169901
1445170410,1445169968,1445169865
1445170411,1445169866,1445170046
1445170412,1445170048,66623950,66616904,1445170110
1445170413,1445169807,1445169867
1445170414,66613748,66739831,1445170051,1445169881
1445170417,1261032804,1445169923
1445170420,1445170030,1445170282,1445169975
1445170421,66713282,1445170604,66697596,1445170254
1445170423,1445170438,1445169831,1445170061
1445170424,1445170132,1445169811,1445169879
1445170425,1445170251,1445170019
1445170426,1445170365,1443766594
1445170427,1445170307,66610257,1445169807
1445170432,66593421,1445169991,1445170525
1445170436,1445169887,1445170606
1445170437,1445170070,1445170607
1445170438,1445169889,1445170423,1445169996,1445169801
1445170440,1445170221,1445170472,1445169893
1445170441,1445170496
1445170443,1445170075,1445170319
1445170444,1445170078,1445169901
1445170445,1445169829,1445170081
1445170446,1445170461,66762336
1445170449,1445170084,1445169792,1445170201
1445170450,1439024780,1439024892,1443766453
1445170451,1445170085,1445170562
1445170454,1445169906,1443766462
1445170455,1445169907,1445170087,1445170457,1443766485
1445170456,3151897162,1445169791
1445170457,1445169947,1445170455
1445170458,1445169910,1445170091
1445170461,1445169918,66717236,1445170446,1979463137
1445170462,3085515684,3085515679,1445169938
1445170463,1445169919,1445170098,1445169831
1445170465,1603680154,1445169925
1445170468,1445170295,1445169814,1445169928,66642128
1445170469,66609472,66732676
1445170471,1445170106,1445169931
1445170472,1445170440,1445170110,1445170375
1445170475,3151897163,1445169938
1445170477,1445170383,1445170121
1445170478,1445169943,1445170257
1445170479,1445170127,1445169945
1445170485,1445170139,1445169949
1445170486,1445170266,1445169940
1445170487,1439025027,1445169951,1439024756
1445170488,1445170141,66764082,1445170327,1445170266
1445170492,1445169956,1445170147
1445170494,1445170148,66711459
1445170496,1445170090,1445170441
1445170498,1445170151,1445170292
1445170499,1445169925,3292747495
1445170500,1445170295,1445170117,1445170345
1445170501,1445169904,1445169965,1445170157
1445170503,1445169884,1445170532
1445170505,1445170325,1445170565,1443766606
1445170506,1445170170,1445169888
1445170508,1445169972,1445170177
1445170511,1445170294,1445169977,1445170182
1445170512,1445170184,1445169978
1445170514,1445170333,1443766426
1445170515,1445170187,1445170054
1445170516,1445170210,1445170283
1445170517,1445170193,1445169844
1445170518,1445169804,1445170357
1445170520,1445170399,1445169904
1445170521,1445169987,1445170329
1445170522,1445170205,1445169989
1445170525,1445170207,1445170235,1445170432
1445170526,1445169909,1445170208
1445170528,1445170306,1445170356,1445169805
1445170529,1445170214,1445170097,1445169988
1445170530,1445170219,1445169995
1445170531,1445170221
1445170532,1445170503,1445170165
1445170534,1445170229,1445170003
1445170537,1445169940,1445169920
1445170538,1445170005,66769373,1443766427
1445170540,1445170324,1445170006
1445170541,1445170007,1445169848,1439024804
1445170544,1445170241,1445169981
1445170546,1445170108,1445170015
1445170547,1445170248,339467456,1445170407
1445170548,66594997,66738290,3151897166
1445170550,1439024891,1439024941,1445169951,1445169997
1445170552,1445170020,1445169900
1445170553,1445170343,1445169874
1445170556,1445169998,1445170327,1445170241,1445170262
1445170558,4849680874,1445170149,1445170608
1445170559,1445170295,66668690,1445170345,1445170025
1445170560,1261032812,1445170026
1445170562,1445170030,1445170451
1445170563,1445169910,1445170274,1445170281
1445170565,1445169970,1445169957,1445170505
1445170567,2296737893
1445170568,1445170275,1445170036
1445170569,3151897152,1445169983
1445170570,1445170325,1443766531,1445170277
1445170572,1445170038,1445170351
1445170574,1445169789,1445170324
1445170575,1445170041,1445170278,66628896
1445170577,1445170312,66696169,4849680865,1445170280
1445170578,1445170281
1445170580,1445170283,1445170045
1445170581,1445170052,1445170046
1445170584,66636751,1445169801,1445170050
1445170586,1445169841,1445170051
1445170587,1445170132,1445170052
1445170590,2264382572
1445170591,66683719,66687246
1445170592,1445170294,1445170003
1445170594,1445170057,1445170297,1445169846
1445170597,1445170197,1445170302,1445170184
1445170602,66610257,1445169807,1443766394
1445170604,1445169778,1445170421
1445170606,3085515640,1445170436
1445170607,1445170307,1445170437,1445169878
1445170608,1445170369,1445170558,1445170014
1445170609,1261032852,1445170075
1445170610,1445170066,1439024841,66698048,1445170320
1603679680,1603679742,1603679688
1603679684,1603679690,1603679697
1603679688,1603679706,1603679680
1603679690,1603679684,1439024830
1603679693,1603679699,1603679697
1603679697,1603679684,1603679693
1603679699,1603679693,1603679702
1603679702,1603679699,1603679723
1603679704,1603679708,1603679710
1603679706,1603679688,1603679708
1603679708,1603679704,1603679706
1603679710,1603679704,1603679714
1603679712,1603679760,1603679734
1603679714,1603679710,1603679719
1603679719,1603679762,1603679714
1603679723,1603679727,1603679702
1603679727,1603679723,1603679737
1603679731,1603679785,1603679737
1603679734,1603679739,1603679712
1603679737,1603679727,1603679731
1603679739,1603679753,1603679734
1603679741,1603679753,1603679772
1603679742,1603679680,1603679779
1603679753,1603679741,1603679739
1603679757,1603679762,1603679812
1603679760,1603679767,1603679712
1603679762,1603679757,1603679719
1603679765,1603679780,1603679783
1603679767,1603679769,1603679760
1603679769,1603679786,1603679767
1603679772,1603679741,1603679836
1603679779,1603679796,1603679742
1603679780,1603679818,1603679765
1603679781,1603679794,1603679790
1603679782,1603679794,1603679806
1603679783,1603679788,1603679765
1603679785,3086135833,1603679731
1603679786,1603679803,1603679769,1603679806
1603679788,1603679801,1603679783
1603679790,1603679781,1603679799
1603679794,1603679781,1603679782
1603679796,1603679812,1603679779
1603679798,1439024830,1603679804
1603679799,1603679801,1603679790
1603679801,1603679788,1603679799
1603679803,1603679826,1603679786,1603679822
1603679804,1603679798,3086135834
1603679806,1603679786,1603679822,1603679782
1603679812,1603679796,1603679757
1603679815,1603679824,1603679834
1603679818,1603679843,1603679780
1603679820,1603679826,1603679836
1603679822,1603679803,1603679837,1603679806
1603679824,66632740,1439024876,1603679815
1603679826,1603679803,1603679820
1603679829,1603679839,1603679834
1603679833,1603679845,1603679866
1603679834,1603679815,1603679829
1603679836,1603679820,1603679772
1603679837,1603679822,1603679841
1603679839,1603679829
1603679841,1603679861,1603679837
1603679843,1603679869,1603679818
1603679845,1603679833,1603679881
1603679847,1603679864,1603679859
1603679856,1603679861,1603679874
1603679859,1603679877,1603679847
1603679861,1603679856,1603679841
1603679864,1603679868,1603679847
1603679866,1603679833,1445170236
1603679868,1603679869,1603679864
1603679869,1603679868,1603679843
1603679874,1603679882,1603679856
1603679877,1603679859,1603679879
1603679879,1603679877,1445170007
1603679881,1445170236,1603679845
1603679882,1603679874,1603679886
1603679884,1445169942,1603679886
1603679886,1603679882,1603679884
1603679888,1603679891,1603679902
1603679891,1603679888,1445170007
1603679892,1445169942,1603679898
1603679894,1603679937,1603679896
1603679896,1603679894,1603679948
1603679898,1603679892,1603679905
1603679900,1603679902,1603679905
1603679902,1603679888,1603679900
1603679905,1603679898,1603679900
1603679913,1603679936,1603679955
1603679915,1603679917,1603679918
1603679917,1603679915,1603679920
1603679918,1603679921,1603679915
1603679920,1603679923,1603679917
1603679921,1603679918,1603679925
1603679923,1603679920,1603679926
1603679925,1603679947,1603679921
1603679926,1603679923,1603679934
1603679932,1603679944,1603679942
1603679934,1603679941,1603679926
1603679936,1603679939,1603679913
1603679937,1603679894,1603679948
1603679939,1603679944,1603679936
1603679941,1603679945,1603679934
1603679942,1603679932,1603679949
1603679944,1603679932,1603679939
1603679945,1603680022,1603679941
1603679946,1603679947,1603679988
1603679947,1603679946,1603679925
1603679948,1603679937,1603679896
1603679949,1603679950,1603679942
1603679950,1603679952,1603679949
1603679952,1603679950,1603679953
1603679953,1603679952,1445169875
1603679955,1443766464,1603679913
1603679962,1603679965,1603679979
1603679965,1445169875,1603679962
1603679968,1603680007,1603679972
1603679969,1603679994,1603680006
1603679972,1603679996,1603679968
1603679974,1443766464,1603679997
1603679976,1603680003,1603679979
1603679979,1603679976,1603679962
1603679988,1603679946,1603679990
1603679990,1603679988,1603680005
1603679994,1603680020,1603679969
1603679996,1603679972,1603679999
1603679997,1603679974,1603680003
1603679999,1603679996,1603680009
1603680000,1603680006,1603680012
1603680003,1603679976,1603679997
1603680004,1603680017,1603680005
1603680005,1603680004,1603679990
1603680006,1603679969,1603680000
1603680007,1603680011,1603679968
1603680008,1603680011,1603680009
1603680009,1603679999,1603680008
1603680011,1603680007,1603680008
1603680012,1603680020,1603680000
1603680017,1603680004,66632382
1603680020,1603679994,1603680012
1603680022,1603679945,66632382
1603680030,1603680042,3085495700
1603680042,1603680045,1603680030
1603680045,1603680042,1603680049
1603680049,1603680079,1603680045
1603680062,1603680132,1603680075
1603680065,3085495703,1603680077
1603680069,1603680079,1603680077
1603680075,3085515643,1603680062
1603680077,1603680065,1603680069
1603680079,1603680049,1603680069
1603680080,1603680082,1603680083
1603680082,1603680095,1603680080
1603680083,1603680095,1603680080
1603680087,1603680101,1603680092
1603680092,1603680087,1603680111
1603680095,1603680082,1603680083
1603680101,1603680087,1603680111
1603680109,1603680134,1603680126
1603680111,1603680101,1603680092
1603680126,1603680148,1603680109
1603680132,1603680136,1603680062
1603680134,1603680148,1603680109
1603680136,3085515642,1603680132
1603680139,1603680151,1603680152
1603680148,1603680134,1603680126
1603680151,1603680158,1603680139
1603680152,1603680156,1603680139
1603680154,1445170465,1445170102
1603680156,1603680160,1603680158,1603680152
1603680158,1603680156,1603680171,1603680151
1603680160,1603680156,1603680171
1603680161,1603680167,1603680166
1603680166,1603680161,1603680170
1603680167,1603680161,1603680169
1603680169,1603680172,1603680167
1603680170,1603680174,1603680166
1603680171,1603680160,1603680158
1603680172,1603680169,1603680181
1603680174,1603680170,1603680182
1603680181,1603680172,1603680185
1603680182,1603680184,1603680174
1603680184,1603680187,1603680182
1603680185,1603680189,1603680181
1603680187,1603680190,1603680184
1603680189,1603680185,1603680197
1603680190,1603680198,1603680187
1603680197,1603680198,1603680189
1603680198,1603680190,1603680197
1603680202,1603680227,1603680236
1603680227,3085515649,1603680202
1603680236,1603680238,1603680202
1603680238,1603680309,1603680236
1603680270,3151897167,66772771
1603680284,66654267,3151897167
1603680288,1603680369,1603680296
1603680296,1603680375,1603680288
1603680309,1603680238,1603680344
1603680320,3085515648,1603680389
1603680341,1603680357,1603680372
1603680344,1603680384,1603680309
1603680351,1603680395,1603680354
1603680354,1603680351,1603680404
1603680357,1603680341,1603680385
1603680369,1603680375,1603680288
1603680372,1603680341,1603680385
1603680375,1603680369,1603680296
1603680384,1603680389,1603680344
1603680385,1603680357,1603680372
1603680389,1603680384,1603680320
1603680395,1603680351,1603680404
1603680404,1603680395,1603680354
1603680406,1603680413,1603680450
1603680413,1603680520,1603680406
1603680450,1603680406,1603680452
1603680452,1603680483,1603680450
1603680483,1603680500,1603680452
1603680500,1603680483,1603680534
1603680502,1603680520,1603680538
1603680516,1603680534,1603680556
1603680520,1603680502,1603680413
1603680534,1603680516,1603680500
1603680538,1603680550,1603680502
1603680550,1603680538,1603680581
1603680556,1603680516,1603680563
1603680563,1603680556,1603680593
1603680567,1603680581,1603680590
1603680581,1603680550,1603680567
1603680590,1603680567,1603680615
1603680593,1603680604,1603680563
1603680604,1603680635,1603680593
1603680610,1603680615,1603680631
1603680615,1603680590,1603680610
1603680631,1603680635,1603680610
1603680635,1603680604,1603680631
1626446838,1626446839,66618452
1626446839,1626446838,66685291
1626458568,1626458569,66756484
1626458569,4268906704,1626458568
1626458570,3169719074,66756484
1626458571,3169719074,1626458574
1626458574,1626458571,3169719087
1626458598,66738388,1626458602
1626458602,1626458598,1626458605
1626458605,3169719107,1626458602
1626458608,3169719107,1626458616
1626458612,3169719092,1626458614
1626458614,1626458612,1626458618
1626458616,1626458620,1626458608
1626458618,1626458622,1626458614
1626458620,1626458623,1626458616
1626458622,1626458623,1626458618
1626458623,1626458622,1626458620
1649993981,1443766466,1443766361
1701851304,1439024783,1445169862
1701851306,66705771,66660929,66628914
1979463137,1445170461,4849680883
1979463138,1979463139,4849680883
1979463139,4591899146,1979463138
2263720673,4594406330,328986301
2264382572,1445170590,1445170201
2264382581,2264382582
2264382582,2264382581,2264382584
2264382584,2264382582,2264382585
2264382585,2264382588,2264382584
2264382588,2264382592,2264382585
2264382589,1445170195,1445169854
2264382592,2264382588,2264382602
2264382602,2264382613,2264382592
2264382613,2264382621,2264382602
2264382621,2264382613,2264382624
2264382624,2264382621,2264382637
2264382637,2264382651,2264382624
2264382651,2264382637,2264382659
2264382659,2264382660,2264382651
2264382660,1445169795,2264382659
2264432094,66691919,66714174
2264432100,66702310,66597659
2265315228,2265315242,2265315229
2265315229,2265315230,2265315228
2265315230,2265315246,2265315229
2265315231,2265315241,2265315233
2265315232,2265315235,2265315233
2265315233,2265315231,2265315232
2265315234,2265315235,2265315251
2265315235,2265315234,2265315232
2265315236,2265315237,2265315248
2265315237,2265315236,2265315238
2265315238,2265315237,2265315239
2265315239,2265315240,2265315238
2265315240,2265315247,2265315239
2265315241,2265315231,2265315242
2265315242,2265315241,2265315228
2265315243,2265315244,2265315247
2265315244,2265315245,2265315243
2265315245,2265315244,2265315246
2265315246,2265315245,2265315230
2265315247,2265315240,2265315243
2265315248,2265315236,2265315249
2265315249,2265315250,2265315248
2265315250,2265315251,2265315249
2265315251,2265315234,2265315250
2265315574,2265315582,2265315575
2265315575,2265315579,2265315574
2265315576,2265315585,2265315583
2265315577,2265315584,2265315580
2265315578,2265315579,2265315581
2265315579,2265315578,2265315575
2265315580,2265315577,2265315581
2265315581,2265315578,2265315580
2265315582,2265315583,2265315574
2265315583,2265315576,2265315582
2265315584,2265315585,2265315577
2265315585,2265315584,2265315576
2265315628,2265315657,2265315635
2265315629,2265315649,2265315662
2265315630,2265315632,2265315658
2265315631,2265315633,2265315632
2265315632,2265315631,2265315630
2265315633,2265315631,2265315644
2265315634,2265315641,2265315635
2265315635,2265315628,2265315634
2265315636,2265315664,2265315670
2265315637,2265315640,2265315663
2265315638,2265315648,2265315660
2265315639,2265315653,2265315660
2265315640,2265315641,2265315637
2265315641,2265315640,2265315634
2265315642,2265315643,2265315645
2265315643,2265315642,2265315646
2265315644,2265315633,2265315645
2265315645,2265315642,2265315644
2265315646,2265315643,2265315669
2265315647,2265315648,2265315671
2265315648,2265315638,2265315647
2265315649,2265315629,2265315659
2265315650,2265315671,2265315668
2265315651,2265315667,2265315672
2265315652,2265315656,2265315664
2265315653,2265315639,2265315654
2265315654,2265315655,2265315653
2265315655,2265315656,2265315654
2265315656,2265315655,2265315652
2265315657,2265315666,2265315628
2265315658,2265315630,2265315659
2265315659,2265315649,2265315658
2265315660,2265315639,2265315638
2265315661,2265315662,2265315663
2265315662,2265315629,2265315661
2265315663,2265315637,2265315661
2265315664,2265315652,2265315636
2265315665,2265315666,2265315673
2265315666,2265315657,2265315665
2265315667,2265315651,2265315673
2265315668,2265315650,2265315672
2265315669,2265315670,2265315646
2265315670,2265315669,2265315636
2265315671,2265315647,2265315650
2265315672,2265315668,2265315651
2265315673,2265315667,2265315665
2265316336,2265316350,2265316338
2265316337,2265316340,2265316338
2265316338,2265316337,2265316336
2265316339,2265316346,2265316340
2265316340,2265316337,2265316339
2265316341,2265316345,2265316343
2265316342,2265316347,2265316343
2265316343,2265316341,2265316342
2265316344,2265316345,2265316346
2265316345,2265316344,2265316341
2265316346,2265316344,2265316339
2265316347,2265316348,2265316342
2265316348,2265316347,2265316349
2265316349,2265316350,2265316348
2265316350,2265316336,2265316349
2265316462,2265316469,2265316475
2265316463,2265316474,2265316466
2265316464,2265316465,2265316466
2265316465,2265316469,2265316464
2265316466,2265316463,2265316464
2265316467,2265316468,2265316473
2265316468,2265316467,2265316475
2265316469,2265316462,2265316465
2265316470,2265316473,2265316471
2265316471,2265316472,2265316470
2265316472,2265316471,2265316474
2265316473,2265316470,2265316467
2265316474,2265316472,2265316463
2265316475,2265316468,2265316462
2265317719,2265317720,2265317722
2265317720,2265317721,2265317719
2265317721,2265317720,2265317722
2265317722,2265317721,2265317719
2265318082,2265318084,2265318086
2265318084,2265318101,2265318082
2265318086,2265318110,2265318082
2265318088,2265318112,2265318110
2265318091,2265318120,2265318093
2265318093,2265318095,2265318091
2265318095,2265318123,2265318093
2265318097,2265318120,2265318118
2265318099,2265318123,2265318108
2265318101,2265318084,2265318103
2265318103,2265318105,2265318101
2265318105,2265318108,2265318103
2265318108,2265318105,2265318099
2265318110,2265318086,2265318088
2265318112,2265318088,2265318114
2265318114,2265318112,2265318116
2265318116,2265318118,2265318114
2265318118,2265318097,2265318116
2265318120,2265318097,2265318091
2265318123,2265318095,2265318099
2265318771,2265318790,2265318773
2265318773,2265318771,2265318803
2265318776,2265318799,2265318808
2265318778,2265318810,2265318784
2265318780,2265318782,2265318786
2265318782,2265318793,2265318780
2265318784,2265318786,2265318778
2265318786,2265318780,2265318784
2265318788,2265318790,2265318793
2265318790,2265318788,2265318771
2265318793,2265318782,2265318788
2265318795,2265318801,2265318797
2265318797,2265318795,2265318803
2265318799,2265318776,2265318801
2265318801,2265318799,2265318795
2265318803,2265318773,2265318797
2265318806,2265318812,2265318808
2265318808,2265318776,2265318806
2265318810,2265318812,2265318778
2265318812,2265318806,2265318810
2265318888,2265318889,2265318891
2265318889,2265318888,2265318899
2265318890,2265318892,2265318891
2265318891,2265318888,2265318890
2265318892,2265318893,2265318890
2265318893,2265318894,2265318892
2265318894,2265318893,2265318898
2265318895,2265318896,2265318899
2265318896,2265318897,2265318895
2265318897,2265318896,2265318898
2265318898,2265318897,2265318894
2265318899,2265318895,2265318889
2265319236,2265319238,2265319241
2265319237,2265319240,2265319238
2265319238,2265319237,2265319236
2265319239,2265319240,4591857168,2265319243
2265319240,2265319239,2265319237
2265319241,2265319242,2265319236
2265319242,2265319241,4591857169,2265319243
2265319243,2265319239,2265319242
2265320708,2265320709,2265320711
2265320709,2265320708,2265320710
2265320710,2265320712,2265320709
2265320711,2265320708,2265320719
2265320712,2265320710,2265320716
2265320713,2265320721,2265320714
2265320714,2265320713,2265320715
2265320715,2265320716,2265320714
2265320716,2265320712,2265320715
2265320717,2265320718,2265320720
2265320718,2265320721,2265320717
2265320719,2265320711,2265320720
2265320720,2265320719,2265320717
2265320721,2265320713,2265320718
2265320790,2265320796,2265320801
2265320791,2265320792,2265320795
2265320792,2265320793,2265320791
2265320793,2265320792,2265320794
2265320794,2265320793,2265320805
2265320795,2265320791,2265320800
2265320796,2265320790,2265320797
2265320797,2265320798,2265320796
2265320798,2265320799,2265320797
2265320799,2265320798,2265320800
2265320800,2265320799,2265320795
2265320801,2265320790,2265320802
2265320802,2265320803,2265320801
2265320803,2265320804,2265320802
2265320804,2265320805,2265320803
2265320805,2265320804,2265320794
2265321090,2265321093,2265321091
2265321091,2265321090,2265321098
2265321092,2265321094,2265321093
2265321093,2265321092,2265321090
2265321094,2265321096,2265321092
2265321095,2265321097,2265321099
2265321096,2265321097,2265321094
2265321097,2265321096,2265321095
2265321098,2265321091,2265321099
2265321099,2265321095,2265321098
2265321150,2265321154,2265321152
2265321151,2265321156,2265321152
2265321152,2265321151,2265321150
2265321153,2265321155,2265321154
2265321154,2265321153,2265321150
2265321155,2265321157,2265321153
2265321156,2265321157,2265321151
2265321157,2265321156,2265321155
2265321532,2265321533,2265321554
2265321533,2265321534,2265321532
2265321534,2265321535,2265321533
2265321535,2265321534,2265321536
2265321536,2265321535,2265321572
2265321537,2265321538,2265321549
2265321538,2265321537,2265321542
2265321539,2265321540,2265321541
2265321540,2265321578,2265321539
2265321541,2265321579,2265321539
2265321542,2265321579,2265321538
2265321543,2265321560,2265321559
2265321544,2265321546,4849680868,2265321567
2265321545,2265321546,2265321548
2265321546,2265321544,2265321545
2265321547,2265321553,2265321548
2265321548,2265321545,2265321547
2265321549,2265321537,2265321550
2265321550,2265321573,2265321549
2265321551,2265321552,2265321573
2265321552,2265321551,2265321569
2265321553,2265321547,2265321557
2265321554,2265321555,2265321532
2265321555,2265321556,2265321554
2265321556,2265321557,2265321555
2265321557,2265321553,2265321556
2265321558,2265321580,2265321581
2265321559,2265321562,2265321543
2265321560,2265321561,2265321543
2265321561,2265321563,2265321560
2265321562,2265321580,2265321559
2265321563,2265321561,2265321564
2265321564,2265321563,2265321565
2265321565,2265321566,2265321564
2265321566,2265321567,2265321565
2265321567,2265321544,2265321566
2265321568,2265321571,2265321569
2265321569,2265321552,2265321568
2265321570,2265321571,2265321572
2265321571,2265321570,2265321568
2265321572,2265321570,2265321536
2265321573,2265321551,2265321550
2265321574,2265321583,2265321575
2265321575,2265321574,2265321576
2265321576,2265321575,2265321577
2265321577,2265321578,2265321576
2265321578,2265321540,2265321577
2265321579,2265321541,2265321542
2265321580,2265321562,2265321558
2265321581,2265321582,2265321558
2265321582,2265321581,2265321583
2265321583,2265321582,2265321574
2265322188,2265322189,2265322197
2265322189,2265322192,2265322188
2265322190,2265322203,2265322204
2265322191,2265322202,2265322196
2265322192,2265322189,2265322193
2265322193,2265322192,2265322194
2265322194,2265322193,2265322195
2265322195,2265322196,2265322194
2265322196,2265322191,2265322195
2265322197,2265322188,2265322198
2265322198,2265322199,2265322197
2265322199,2265322198,2265322200
2265322200,2265322201,2265322199
2265322201,2265322200,2265322204
2265322202,2265322203,2265322191
2265322203,2265322202,2265322190
2265322204,2265322190,2265322201
2265323561,2265323563,2265323565
2265323563,2265323561,2265323567
2265323565,2265323561,2265323567
2265323567,2265323563,2265323565
2265333705,2265333708,2265333706
2265333706,2265333705,2265333707
2265333707,2265333708,2265333706
2265333708,2265333705,2265333707
2265334285,2265334289,2265334290
2265334286,2265334288,2265334287
2265334287,2265334289,2265334286
2265334288,2265334290,2265334286
2265334289,2265334285,2265334287
2265334290,2265334288,2265334285
2265334670,2265334671,2265334672
2265334671,2265334670,2265334673
2265334672,2265334670,2265334673
2265334673,2265334671,2265334672
2265334686,2265334687,2265334689
2265334687,2265334694,2265334686
2265334688,2265334689,2265334690
2265334689,2265334686,2265334688
2265334690,2265334688,2265334693
2265334691,2265334692,2265334699
2265334692,2265334697,2265334691
2265334693,2265334697,2265334690
2265334694,2265334687,2265334698
2265334695,2265334696,2265334698
2265334696,2265334695,2265334699
2265334697,2265334692,2265334693
2265334698,2265334694,2265334695
2265334699,2265334696,2265334691
2265335592,2265335593,2265335595
2265335593,2265335592,2265335597
2265335594,2265335596,2265335595
2265335595,2265335592,2265335594
2265335596,2265335599,2265335594
2265335597,2265335593,2265335598
2265335598,2265335599,2265335597
2265335599,2265335598,2265335596
2265335743,2265335744,2265335749
2265335744,2265335745,2265335743
2265335745,2265335746,2265335744
2265335746,2265335745,2265335748
2265335747,2265335750,2265335748
2265335748,2265335747,2265335746
2265335749,2265335750,2265335743
2265335750,2265335747,2265335749
2265335759,2265335767,2265335762
2265335760,2265335768,2265335770
2265335761,2265335764,2265335762
2265335762,2265335759,2265335761
2265335763,2265335765,2265335764
2265335764,2265335761,2265335763
2265335765,2265335766,2265335763
2265335766,2265335765,2265335769
2265335767,2265335759,2265335768
2265335768,2265335767,2265335760
2265335769,2265335766,2265335770
2265335770,2265335769,2265335760
2265335929,2265335930,2265335931
2265335930,2265335932,2265335929
2265335931,2265335932,2265335929
2265335932,2265335930,2265335931
2265335945,2265335947,2265335946
2265335946,2265335948,2265335945
2265335947,2265335948,2265335945
2265335948,2265335947,2265335946
2265336233,2265336234,2265336235
2265336234,2265336233,2265336236
2265336235,2265336233,2265336236
2265336236,2265336234,2265336235
2296737893,1445170567,1445169892
2296737904,2296737905,4296650840
2296737905,2296737904,3085495689
2296737909,4296650842,2296737915
2296737910,4296650846,4296650844
2296737911,2296737916,2296737912
2296737912,2296737918,2296737911
2296737913,4296650859,3085495687,2296737914
2296737914,3085495686,4296650848,2296737913
2296737915,2296737916,2296737909
2296737916,2296737915,2296737911
2296737917,4296650854,2296737919
2296737918,2296737912,2296737920
2296737919,2296737917,2296737921
2296737920,4296650846,2296737918
2296737921,4296650865,2296737919
2296737922,4296650867,4296650863
2296737923,4296650869,4296650854
2296737924,4296650866,4296650868
2296737931,2296737934,2296737936
2296737934,2296737931,2296737937
2296737935,2296737944,2296737936
2296737936,2296737931,2296737935
2296737937,2296737940,2296737934
2296737938,2296737940,2296737957
2296737939,2296737942,2296737945
2296737940,2296737938,2296737937
2296737941,2296737942,2296737947
2296737942,2296737941,2296737939
2296737943,2296737945,2296737944
2296737944,2296737943,2296737935
2296737945,2296737939,2296737943
2296737947,2296737941,2296737948
2296737948,2296737949,2296737947
2296737949,2296737948,2296737951
2296737951,2296737952,2296737949
2296737952,2296737953,2296737951
2296737953,2296737952,2296737954
2296737954,2296737953,2296737955
2296737955,2296737956,2296737954
2296737956,2296737957,2296737955
2296737957,2296737938,2296737956
2453012630,2453012632,1366228595
2453012632,2453012630,2453012634
2453012634,2453012632,1261032891
2463414919,2463414921,2463414920
2463414920,1366228593,2463414919
2463414921,2463414919,1366228596
2463414922,2463415809,2463415808
2463414923,2463415810,1261032876
2463414924,2463415807,1366228594
2463414925,2463415810,2463415809
2463414926,2463415807,2463415808
2463415807,2463414926,2463414924
2463415808,2463414922,2463414926
2463415809,2463414922,2463414925
2463415810,2463414923,2463414925
2700784793,2700784797,2700784795
2700784795,4849680874,4849680875,2700784793
2700784797,1445170149,1445169820,2700784793
2725100640,1261032852,1445170006,1261032854
2964330587,2964330588,2964330592
2964330588,2964330589,2964330587
2964330589,2964330588,2964330590
2964330590,2964330589,2964330591
2964330591,2964330592,3292747499,2964330590
2964330592,2964330591,2964330587
2964330594,2966030330,3170859585
2966030330,1443766367,2964330594
2966030331,1443766450,1443766300
3085495669,3085495670,4296650861
3085495670,3085495671,3085495669
3085495671,3085495672,3085495670
3085495672,3085495673,3085495671
3085495673,3085495672,3085495674
3085495674,3085495673,4296650860
3085495675,3085495685,3085495676
3085495676,3085495677,3085495675
3085495677,3085495678,3085495676
3085495678,4296650871,3085495677
3085495679,4296650872,4296650874
3085495680,4296650877,4296650876
3085495681,3828419749,4296650877
3085495682,3828419749,3085495683
3085495683,3085495684,3085495682
3085495684,3085495685,3085495683
3085495685,3085495684,3085495675
3085495686,2296737914,3085495689
3085495687,2296737913,3085495688
3085495688,3085495687,4296650841
3085495689,3085495686,2296737905
3085495691,66737338,3085495692
3085495692,3085495691,3085495693
3085495693,3085495692,1439024876,1439024808
3085495694,3085495699,3085495702
3085495695,3085495696,3085495701
3085495696,3085495695,3085495697
3085495697,3085495696,3085495698
3085495698,3085495697,3085495699
3085495699,3085495694,3085495698
3085495700,3085495703,3085495701,1603680030
3085495701,3085495695,3085495700
3085495702,3085495694,3085495703
3085495703,1603680065,3085495702,3085495700
3085515639,3085515640,3085515642,494243027
3085515640,3085515641,3085515639,1445170606
3085515641,3085515640,3085515645
3085515642,1603680136,3085515639
3085515643,1603680075,3085515646
3085515644,3085515645,3085515646
3085515645,3085515641,3085515644
3085515646,3085515643,3085515644
3085515647,3085515648,3085515650
3085515648,3085515649,3085515647,1603680320
3085515649,3085515648,3085515650,1603680227
3085515650,3085515649,3085515647
3085515655,3085515662,3085515656
3085515656,3085515657,3085515655
3085515657,3085515658,3085515656
3085515658,3085515659,3085515657
3085515659,3085515658,3085515660
3085515660,3085515661,3085515659
3085515661,3085515660,3085515665,3085515664
3085515662,3085515665,3085515655
3085515663,3085515666,3085515664
3085515664,3085515663,3085515661
3085515665,3085515662,3085515661,3085515666
3085515666,3085515663,3085515665
3085515667,3085515674,3085515670
3085515668,3085515671,3085515673
3085515669,3085515683,3085515672
3085515670,3085515675,3085515667
3085515671,3085515668,3085515672
3085515672,3085515669,3085515671
3085515673,3085515674,3085515668
3085515674,3085515667,3085515673
3085515675,3085515676,3085515670,3085515683
3085515676,3085515675,3085515677
3085515677,3085515676,3085515695
3085515678,3085515695,3085515679
3085515679,1445170462,3085515695,3085515678,3085515680
3085515680,3085515681,3085515679
3085515681,3085515680,3085515682
3085515682,3085515681,3085515683
3085515683,3085515675,3085515669,3085515682
3085515684,1445170462,3085515699
3085515685,3085515686,3085515698
3085515686,3085515685,3085515687
3085515687,3085515686,3085515688
3085515688,3085515687,3085515689
3085515689,3085515688,3085515690
3085515690,3085515689,3085515691
3085515691,3085515692,3085515690
3085515692,3085515693,3085515691
3085515693,3085515694,3085515692
3085515694,3085515695,3085515693
3085515695,3085515694,3085515677,3085515678,3085515679
3085515696,3085515697,3085515699
3085515697,3085515696,3085515698
3085515698,3085515685,3085515697
3085515699,3085515696,3085515684
3086135731,3086135836,1439024851
3086135732,3086135837,1439024851
3086135833,1603679785,3086135835
3086135834,3086135837,1603679804
3086135835,3086135833,3086135836
3086135836,3086135731,3086135835
3086135837,3086135732,3086135834
3087808217,3087808229,3087808219
3087808218,3087808220,3087808221
3087808219,3087808217,3087808232
3087808220,3087808222,3087808218
3087808221,3087808222,3087808218
3087808222,3087808220,3087808221
3087808223,3087808224,3087808227
3087808224,3087808223,494253081
3087808225,494253081,3087808226
3087808226,494253075,3087808225
3087808227,494253063,3087808223
3087808228,494253063,3087808231
3087808229,3087808217,3087808232
3087808230,494253070,3087808231
3087808231,3087808228,3087808230
3087808232,3087808229,3087808219
3087823841,1439024796
3151897140,66646083,66695095
3151897152,1445170276,1445170569
3151897162,3151897163,1445170341,1445170456
3151897163,3151897162,1445170054,1445170475,3151897164
3151897164,3151897163,3151897166,3151897165
3151897165,1445170265,1445170187,3151897164
3151897166,3151897167,1445170548,1445169938,3151897164
3151897167,1603680284,3151897168,1603680270,3151897166
3151897168,3151897169,3151897167
3151897169,3151897168,3151897170
3151897170,3151897169,3151897171
3151897171,3151897170,3151897172
3151897172,3151897171
3151897205,4268906704,4276779895
3151897206,4268906707,4276779897
3151897207,4268906707,3151897208
3151897208,3169719077,3151897207
3151897209,3169719077,3151897210
3151897210,3151897211,3151897209
3151897211,1443766281,3151897210
3151897212,1443766563,4296664235
3151897213,3151897216,4296664235
3151897214,3151897216,1443766504
3151897215,1443766488,3151897216
3151897216,3151897215,3151897214,4296664234,3151897213
3151897217,66646200
3169718030,1445169949,3169718032
3169718032,3169718049,3169718030
3169718049,3169718052,3169718032
3169718052,3169719069,3169718049
3169718054,1443766514,3169719066
3169719066,3169718054,3169719071
3169719069,3169719074,3169718052
3169719071,3169719076,3169719066
3169719074,3169719069,1626458570,1626458571
3169719076,3169719083,3169719071
3169719077,3151897208,3151897209
3169719083,3169719076,3169719085
3169719085,3169719083
3169719087,66708190,1626458574
3169719092,1626458612,66708190
3169719107,1626458605,1626458608
3170859576,3170859577,3170859579,1439024926
3170859577,3170859576,3170859580,3170859583
3170859578,66599466,3170859580,1443766504
3170859579,3170859576,5258324632
3170859580,3170859577,3170859578
3170859583,3170859577,5258324632
3170859584,3170859585
3170859585,3170859584,2964330594,5258324632
3170859587,1443766318,1445169946
3170859589,1443766318,1443766563
3170859591,1445169895,1445170139
3292747495,3292747496,1445170499
3292747496,3292747497,3292747495
3292747497,3292747496,3292747498
3292747498,3292747497,1445170153
3292747499,3292747500,2964330591
3292747500,3292747501,3292747502,3292747499
3292747501,3292747500
3292747502,3292747500,3292747505
3292747503,1445170265,3292747504
3292747504,3292747503,66677606
3292747505,3292747502,3292747506
3292747506,3292747505,3292747507
3292747507,3292747508,3292747506
3292747508,3292747509,3292747507
3292747509,3292747508,3292747510
3292747510,3292747509,3292747511
3292747511,3292747510
3534110934,3534110935
3534110935,1445169918,3534110934
3614944436,3614944438,3614944439
3614944437,3614944438,3614944448
3614944438,3614944436,3614944437
3614944439,3614944440,3614944436
3614944440,3614944452,3614944439
3614944448,3614944450,3614944437
3614944450,3614944448,3614944451
3614944451,3614944452,3614944450
3614944452,3614944440,3614944451
3828419749,3085495682,3085495681
4268906704,1626458569,3151897205
4268906707,3151897206,3151897207
4276779887,1439024818,4276779888
4276779888,1439024885,4276779887
4276779889,1439024965,1439024885,1439024952
4276779890,1439024920,1439024885
4276779895,3151897205,4276779897
4276779897,3151897206,4276779895
4277553939,66715113,66691491
4277553940,4277553941,66695702
4277553941,4277553940,66738634
4277553945,66667074,66658527
4277553946,66729584,4277553947
4277553947,4277553946,4277553950
4277553949,66667074,4277553950
4277553950,4277553949,4277553947
4296650840,2296737904,4296650841
4296650841,4296650840,3085495688
4296650842,4296650843,2296737909
4296650843,4296650842,4296650845
4296650844,2296737910,4296650845
4296650845,4296650843,4296650844
4296650846,2296737910,2296737920
4296650847,4296650848,4296650849
4296650848,2296737914,4296650847
4296650849,4296650850,4296650847
4296650850,4296650849,4296650855
4296650851,4296650853,4296650857
4296650852,4296650855,4296650856
4296650853,4296650851,4296650858
4296650854,2296737917,2296737923
4296650855,4296650850,4296650852
4296650856,4296650852,4296650862
4296650857,4296650851,4296650858
4296650858,4296650853,4296650857
4296650859,4296650860,2296737913
4296650860,4296650859,3085495674
4296650861,4296650864,3085495669
4296650862,4296650864,4296650856
4296650863,4296650865,2296737922
4296650864,4296650861,4296650862
4296650865,2296737921,4296650863
4296650866,4296650867,2296737924
4296650867,4296650866,2296737922
4296650868,2296737924,4296650869
4296650869,2296737923,4296650868
4296650870,4296650873,4296650871
4296650871,4296650870,3085495678
4296650872,4296650873,3085495679
4296650873,4296650872,4296650870
4296650874,3085495679,4296650875
4296650875,4296650876,4296650874
4296650876,3085495680,4296650875
4296650877,3085495680,3085495681
4296664234,1445169792,66613128,66605843,3151897216
4296664235,1443766488,66614285,3151897213,3151897212
4296675045,66639638,66691296
4309886750,339467273,328962504
4517246727,328950327,328941409
4591857167,4591857168,4591857174
4591857168,2265319239,4591857167
4591857169,4591857170,2265319242
4591857170,4591857171,4591857169
4591857171,4591857170,4591857172
4591857172,4591857171,4591857173
4591857173,4591857172,4591857174
4591857174,4591857173,4591857167
4591880045,66634293,66600491
4591880050,66691532,66613739
4591888017,4591888026,66767746
4591888018,66767746,4591888019
4591888019,4591888018,4591888020
4591888020,4591888021,4591888019
4591888021,4591888022,4591888020
4591888022,4591888023,4591888021
4591888023,66755145,66604819,4591888022,66611226
4591888024,4591888025,66611226
4591888025,4591888026,4591888024
4591888026,4591888017,4591888025
4591890248,1439024776,5159715716,1443766549
4591899132,4849680877,4849680878
4591899133,4591899136,4591899135
4591899134,4591899148,1445170285,4591899135,1445169808
4591899135,4591899133,4591899134
4591899136,4591899133,4591899137
4591899137,4591899138,4591899136
4591899138,4591899139,4591899137
4591899139,4591899138,4591899140
4591899140,4591899139,4591899141
4591899141,4591899142,4591899140
4591899142,4591899143,4591899141
4591899143,4591899144,4591899142
4591899144,4591899145,4591899143
4591899145,4591899146,4591899144
4591899146,4591899147,1445170240,4591899145,1979463139
4591899147,4591899146,1445170240,1445170112,4591899148
4591899148,4591899147,4591899134
4594406327,4594406330,328978500
4594406330,4594406327,2263720673
4594414185,4594414186,328997992
4594414186,4594414185,328973461
4594435076,66699949,66616139
4594447695,1445170098,4594447696,4594447697
4594447696,1445169978,4594447695
4594447697,4594447698,4594447695
4594447698,1445169978,1445170345,4594447697
4594449496,4594449497,66772614
4594449497,4594449496,4594449498
4594449498,4594449497,4594449499
4594449499,4594449500,4594449498
4594449500,4594449501,4594449499
4594449501,4594449502,4594449500
4594449502,4594449503,4594449501
4594449503,4594449502,66682923
4759767821,4759767823,4759767822
4759767822,1445170200,4759767821
4759767823,4759767821,1445170200
4765068358,4765068359,4765068366
4765068359,4765068360,4765068358
4765068360,4765068361,4765068359
4765068361,4765068360,4765068362
4765068362,4765068361,4765068363
4765068363,4765068362,4765068364
4765068364,4765068363,4765068365
4765068365,4765068364,4765068366
4765068366,4765068358,4765068365
4792433002,4844994817,66591340
4792433003,1443766591,1443766474,66615363,1443766516
4792433004,4844994817,1439025014
4844994817,4792433004,4792433002
4849680865,4849680866,1445169967,1445170577
4849680866,1445170312,4849680865
4849680867,4849680876,4849680870,4849680879
4849680868,2265321544,4849680869,66756026
4849680869,4849680868,4849680870,66635413
4849680870,4849680869,4849680867,4849680871
4849680871,4849680870,66656993
4849680872,4849680875,66756026,4849680873
4849680873,1445170319,1445170026,4849680872
4849680874,66656797,2700784795,1445170558
4849680875,2700784795,66635413,4849680872
4849680876,66656993,4849680867,4849680880
4849680877,4591899132,1445170285
4849680878,4591899132,4849680879
4849680879,4849680867,4849680878
4849680880,4849680876,4849680881
4849680881,4849680880,4849680882
4849680882,4849680881,4849680883
4849680883,1979463138,1979463137,4849680882
4870993836,4870993837,4870993839
4870993837,4870993836,4870993838
4870993838,4870993837,4870993839
4870993839,4870993836,4870993838
5159715715,1439024899,1439024778,5159715716
5159715716,1439024891,4591890248,5159715715,1443766415
5258324627,5258324628,5258324631
5258324628,5258324629,5258324627
5258324629,5258324628,5258324630
5258324630,5258324629,5258324631
5258324631,5258324627,5258324630
5258324632,3170859585,3170859579,3170859583
5261586274,328993768,329001491
5261610365,328950327,328965805
5261619758,328965805,328942132
